{
  "devices": {
    "Pumpe": {
      "type": "basic",
      "ip": 50,
      "state": 0
    },
    "TerrasseMelder": {
      "type": "basic",
      "ip": 51,
      "state": 0
    },
    "Haustür": {
      "type": "touch",
      "ip": 58,
      "state": 0
    },
    "FlurDecke": {
      "type": "touch",
      "ip": 54,
      "state": 0
    },
    "Esszi": {
      "type": "touch",
      "ip": 57,
      "channel":1,
      "state": 0
    },
    "Wohnzi2": {
      "type": "touch",
      "ip": 57,
      "channel":2,
      "state": 0
    },
    "Küche": {
      "type": "basic",
      "ip": 55,
      "state": 0
    },
    "Bad": {
      "type": "basic",
      "ip": 52,
      "state": 0
    },
    "Wintergarten": {
      "type": "4ch",
      "ip": 53,
      "state": 0,
      "optional": [
        {
          "state": 0,
          "off": "/cm?cmnd=var1%200",
          "on": "/cm?cmnd=var1%201"
        }
      ],

      "optionalXXX": [
        {
          "state": 0,
          "off": "/cm?cmnd=Backlog%20Power2%20off;Power3%20off;power4%20off",
          "on": "/cm?cmnd=Backlog%20Power2%20on;Power3%20on;power4%20on"
        }
      ]

    },
    "Stecker1": {
      "type": "S20",
      "ip": 60,
      "state": 0
    },
    "Stecker2": {
      "type": "S20",
      "ip": 61,
      "state": 0
    }
  }
}
