{
  "EN": {
    "about": "About piSchedule",
    "add": "Add",
    "addJob": "Add Job",
    "addJob1": "Add Job to `Job List`",
    "addNewJob": "Add a new job.",
    "advanceEditHelp": "This `Advanced` edit mode allows direct editing of any `Job List` row on the displayed `Job List`.{P} In the textbox 'Job' edit or enter a {i}piSchedule{/i} command. Clearing the textbox will add an empty line, a free text with a leading asterik will be taken as a comment line. {P}{P}Use the button [Edit] or [Insert] to write to the `Job List`.{P}{P}For {i}piSchedule{/i} command details refer also to",
    "advanceEditRow": "Advance Edit Row",

    "about1": "piSchedule writes log files. This can be called with:",
    "about2": "log Info: shows the switching activities",
    "about3": "log System: more technically oriented, helpful in case of error.",
    "about4": "Call older logs with /logs?Info.1 or .2 and /logs?System.1 or .2",

    "back": "Back",
    "beforeTime": "Before current time",
    "cancel": "Cancel",
    "change": "Change",
    "changeRow": "Change the activated row.",
    "close": "Close",
    "createJob": "Create and edit `Job`",
    "createSchedule": "Create/Add/Delete `Jobs` for `Job List`",
    "dateTime": "Date / actual time",
    "dayList": "List of scheduled Day Jobs",
    "dayLogs": "Day Logs",
    "daySchedule": "Day Schedule",
    "defineTime": "Define `ON` or `OFF` time!",
    "delete": "Delete",
    "deleteJobList": "Delete Job List (INI File)",
    "detailsWeekPlan": "Show details about 'Week Plan'",
    "Device": "Device",
    "deviceNotDefined": "`Device` not defined!",
    "deviceNotSelected": "No device selected!",
    "dim": "Dimming",
    "docEdit": "Edit `Job List`",
    "docExamples": "Job Lists/Job Examples",
    "docFeatures": "Job Features",
    "docOverview": "Overview",
    "edit": "Edit",
    "editJob": "Edit Job Definition",
    "editJobandList": "Edit selected `Job` of Job List",
    "editJobHelp": "`Edit Job List/Jobs` Help/Docu",
    "editJobList": "Job List create and edit",
    "editJobRow": "Edit/Add a `Job List` row",
    "editJobs": "`Job` Editing for ",
    "editJob1": "Edit `Job`",
    "editSchedule": "Edit Job List",
    "editTitle": "Edit `Jobs` List",
    "erase": "Erase",
    "errJob": "Job definition Error: No Device",
    "exJob": "Execute Job",
    "Friday": "Friday",
    "gotoMain": "Go to Main Menu",
    "help": "Help",
    "helpDocu": "Help/Docu",
    "helpJob": "Edit Job List/Jobs",
    "iniLoading": "Select Day Plan and load",
    "insert": "Insert",
    "insertRow": "Insert before the activated row.",
    "jobDef": "Job Definition",
    "jobList": "Job List",
    "jobLists": "Job Lists",
    "leavePage": "This page is asking you to confirm that you want to leave - data you have entered may not be saved.",
    "legend": "Legend",
    "mAbout": "About",
    "mActualDay": "Actual Day Schedule",
    "mainMenu": "Main Menu",
    "mainMenuText": "Select function",
    "mainText": "Day Schedule",
    "mainTitle": "Show current Day Schedule",
    "overviewTitle": "Overview",
    "mDocu": "Documentation",
    "mEdit": "Edit Day / Week Plan",
    "mError": "Error Page",
    "mLanguage": "Language",
    "Monday": "Monday",
    "mTimelinePlan": "Timeline Plan",
    "mTimelineSchedule": "Timeline Schedule",
    "newSchedule": "New Job List",
    "noconfigFile": "No configure file or missing access rights!",
    "noGeoCordinates": "GeoCoordinates not supported!",
    "noGeoloaction": "pilight/piSchedule prefs: GeoCoordinates not supported!",
    "nopilight": "pilight not answering! Make sure pilight is started!",
    "noState": "ERROR: no on/off",
    "notFound": "not found! (Check access rights!)",
    "off": "OFF",
    "OFF": "OFF",
    "OFFoffset": "OFFoffset",
    "on": "ON",
    "ON": "ON",
    "ONoffset": "ONoffset",
    "openHelpDoc": "Open Help Doc on separate page.",
    "piLogFile": "pilight `log` file ",
    "prefJobs": "Actual Day Schedule",
    "prefJobs1": "`Actual Day Schedule` and Preferences",
    "prefJobs2": "Edit Job List File",
    "prefsFile": "pilight/piSchedule `prefs` file",
    "random": "random",
    "randomMinus": "random minus",
    "refresh": "Refresh",
    "refreshText": "Show Schedule List with only upcoming events",
    "reload": "Reload",
    "removeJob": "Remove Job",
    "reset": "Reset",
    "Saturday": "Saturday",
    "save": "Save",
    "saveJobList": "Save Job Liste to Day Schedule INI File",
    "schedule": "Day Schedule",
    "scheduleFile": "Job List File",
    "scheduleList": "Schedule Listing",
    "select": "Select",
    "selectDay": "Select a day",
    "selectedDay": "selected Day",
    "selectEdit": "Select a `Job List` for Edit",
    "selectedJob": "Selected Job",
    "selectJobRow": "First select a `Job` on `Job List` for Edit / Delete!",
    "selectRow": "Select a row on `Job List`",
    "selectRow1": "new `Job` will be inserted before that row!",
    "selectTitle": "Select Schedule for Day",
    "set": "Set",
    "setSchedule": "Set the selected Schedule",
    "SetTime": "Set",
    "shiftDown": "Shift down the selected `Job`",
    "shiftUp": "Shift up the selected `Job`",
    "showJobDetails": "Show details for 'Day Schedule'",
    "showJobsTL": "Show Jobs on Timeline",
    "Sunday": "Sunday",
    "Sunrise": "Sunrise",
    "Sunset": "Sunset",
    "terminate": "Terminate piSchedule",
    "terminated": "Terminated!",
    "Thursday": "Thursday",
    "Time": "Time",
    "timelineEditHelp": "This edit mode allows direct editing of the selected `Job`.{P} In the textbox 'Job' edit or enter a {i}piSchedule{/i} command. {P}Use [Edit] to write the `Job` back or use [Insert] to add a new one.{P}[Delete] will remove the selected `Job` from the Timeline.{P}{P}For {i}piSchedule{/i} command details refer also to ",
    "Today": "Today",
    "toggleHelp": "Toggle for the Help details.",
    "Tuesday": "Tuesday",
    "unknownString": "unknown string",
    "unsavedStuff": "You have unsaved stuff. Save before leaving the page?",
    "Wednesday": "Wednesday",
    "weekday": "Weekday",
    "weekdaySchedules": "Weekday Schedules",
    "weekScheduleHelp": "Select a 'Day Schedule' for the calling weekday and use it on the list with [Set]. Selecting '--' will remove a previous chosen day schedule for the day. {P} [Cancel] will not alter the list."
  },
  "DE": {
    "about": "Über piSchedule",
    "add": "Hinzufügen",
    "addJob": "Neuer Job",
    "addJob1": "Job zur `Job Liste` hinzufügen",
    "addNewJob": "Neuen Job hinzufügen.",
    "advanceEditHelp": "Dieses `Advanced` Editieren erlaubt ein direktes Bearbeiten der Zeilen in der `Job List`. {P} In die Textbox 'Job' wird direkt der erforderliche {i}piSchedule{/i} Befehl eingegeben oder bearbeitet. Eine leere/gelöschte Eingabe in der Textbox fügt eine eine leere Zeile in die `Job Liste` ein, Text beginnend mit einen Stern (*) wird als Kommentarzeile behandelt. {P}{P}Die Schaltflächen [Einfügen] und [Bearbeiten] schreiben die Zeile in die `Job Liste`.{P}{P}Details zu den {i}piSchedule{/i} Befehlen siehe auch",
    "advanceEditRow": "Zeile editieren ",

    "about1": "piSchedule schreibt log Dateien. Diese lassen sich aufrufen mit:",
    "about2": "log Info: Zeigt die Schaltaktivitäten",
    "about3": "log System: Mehr technisch orientiert, hilfreich im Fehlerfall.",
    "about4": "Ältere Dateien anrufen /logs?Info.1 oder .2 bzw mit /logs?System.1 oder .2",

    "back": "Zurück",
    "beforeTime": "Vor der aktuellen Zeit",
    "cancel": "Abbrechen",
    "change": "Ändern",
    "changeRow": "Aktive Zeile ändern",
    "close": "Schließen",
    "createJob": "`Job` erstellen und ausführen",
    "createSchedule": "`Jobs` für `Job Liste` erstellen",
    "dateTime": "Datum / aktuelle Zeit",
    "dayList": "Liste der ausgeführten Jobs",
    "dayLogs": "Tages-Logs",
    "daySchedule": "Tagesplan",
    "defineTime": "Zeit für `EIN` oder `AUS` definieren!",
    "delete": "Löschen",
    "deleteJobList": "Entferne `Job Liste` (INI Datei)",
    "detailsWeekPlan": "Details des 'Wochenplans' anzeigen",
    "Device": "Gerät",
    "deviceNotDefined": "`Gerät` nicht definiert!",
    "deviceNotSelected": "Kein `Gerät` ausgewählt!",
    "dim": "Dimmen",
    "docEdit": "`Job Liste` bearbeiten",
    "docExamples": "Job Listen/Job Beispiele",
    "docFeatures": "Job Eigenschaften",
    "docOverview": "Overview",
    "edit": "Bearbeiten",
    "editJob": "Job Definition editieren",
    "editJobandList": "Gewählten Job des `Tagesplans` bearbeiten.",
    "editJobHelp": "Hilfe/Doku zum Editieren `Job Liste/Jobs`",
    "editJobList": "Job für Tagesplan erstellen / bearbeiten",
    "editJobRow": "`Tagesplan` Zeile ändern/hinzufügen",
    "editJobs": "`Job` Bearbeiten für ",
    "editJob1": "Edit `Job`",
    "editSchedule": "Job Liste editieren",
    "editTitle": "`Job Liste` editieren",
    "erase": "Löschen",
    "errJob": "Fehler Job Definition: Kein Gerät",
    "exJob": "`Job` ausführen",
    "Friday": "Freitag",
    "gotoMain": "Zum Haupt Menü",
    "help": "Hilfe",
    "helpDocu": "Help/Doku",
    "helpJob": "Job Liste / Jobs editieren",
    "iniLoading": "Tagesplan auswählen und laden",
    "insert": "Einfügen",
    "insertRow": "Vor der aktiven Zeile einfügen",
    "jobDef": "Job Definition",
    "jobList": "Tagesplan",
    "jobLists": "Tagespläne",
    "leavePage": "Diese Seite verlangt eine Bestätigung zum Verlassen -- eingegebene Daten können nicht gesichert sein!",
    "legend": "Legende",
    "mAbout": "Über",
    "mActualDay": "Aktueller Tagesplan",
    "mainMenu": "Haupt Menü",
    "mainMenuText": "Funktion wählen",
    "mainText": "Aktueller Tagesplan",
    "mainTitle": "Aktuellen Tagesplan anzeigen",
    "overviewTitle": "Übersicht",
    "mDocu": "Dokumentation",
    "mEdit": "Tages-/ Wochen Plan bearbeiten",
    "mError": "Fehler Seite",
    "mLanguage": "Sprache",
    "Monday": "Montag",
    "mTimelinePlan": "Timeline Plan",
    "mTimelineSchedule": "Timeline Schedule",
    "newSchedule": "Neuer Job Liste",
    "noconfigFile": "Keine `configure` Datei oder falsche Zugriffsrechte!",
    "noGeoCordinates": "GeoCoordinates nicht unterstützt!",
    "noGeoloaction": "pilight/piSchedule prefs: GeoCoordinates not supported!",
    "nopilight": "pilight antwortet nicht! pilight muss gestartet sein!",
    "noState": "Fehler: kein on/off",
    "notFound": "nicht gefunden! (Zugriffsrechte richtig?)",
    "off": "AUS",
    "OFF": "AUS",
    "OFFoffset": "AUS Offset",
    "on": "AN",
    "ON": "EIN",
    "ONoffset": "EIN Offset",
    "openHelpDoc": "Hilfe Dokument auf neuer Seite öffnen.",
    "piLogFile": "pilight `log` Datei ",
    "prefJobs": "Aktueller Tagesplan",
    "prefJobs1": "`Aktueller Tagesplan` und Präferenzen",
    "prefJobs2": "Editieren der `Job Liste`",
    "prefsFile": "pilight/piSchedule `prefs` Datei",
    "random": "zufällig",
    "randomMinus": "zufällig minus",
    "refresh": "Aktualisieren",
    "refreshText": "Zeige Tagesplan mit anstehenden Ereignissen",
    "reload": "Aktualisieren",
    "removeJob": "Job Entfernen",
    "reset": "Löschen",
    "Saturday": "Samstag",
    "save": "Speichern",
    "saveJobList": "Speichere `Job Liste` als INI Datei",
    "schedule": "Tagesplan",
    "scheduleFile": "Job Liste",
    "scheduleList": "Tagesplan Liste",
    "select": "Auswählen",
    "selectDay": "Tag wählen",
    "selectedDay": "Gewählter Tag",
    "selectEdit": "Einen `Tagesplan` zur Bearbeitung  wählen",
    "selectedJob": "Gewählter Job",
    "selectJobRow": "Zum Editieren/Löschen zunächst einen `Job` auf der `Job Liste` wählen",
    "selectRow": "`Job`/Zeile de `Job Liste` auswählen",
    "selectRow1": "Neuer `Job` wird vor dieser Zeile eingefügt!",
    "selectTitle": "Tagesplan für den Tag wählen",
    "set": "Übernehmen",
    "setSchedule": "Gewähltes Schedule übernehmen.",
    "SetTime": "Setzen",
    "shiftDown": "Job nach unten verschieben",
    "shiftUp": "Job nach oben verschieben",
    "showJobDetails": "Zeige Details des 'Tagesplanes'",
    "showJobsTL": "Zeige Jobs als Timeline",
    "Sunday": "Sonntag",
    "Sunrise": "Sonnenaufgang",
    "Sunset": "Sonnenuntergang",
    "terminate": "piSchedule beenden!",
    "terminated": "Abbruch!",
    "Thursday": "Donnerstag",
    "Time": "Zeit",
    "timelineEditHelp": "Dieses Editieren gestattet den ausgewählten `Job` direkt zu bearbeiten.{P} In dem Textfeld wird der `JOB` direkt geändert, oder ein {i}piSchedule{/i} Kommando eingegeben.{P}Mit [Ändern] wird der `Job` direkt in der Darstellung angezeigt, mit [Einfügen] wird ein neuer `Job` angelegt. {P}[Löschen] entfernt den ausgewählten `Job` aus der Timeline Darstellung.{P}{P}{i}piSchedule{/i} Kommando Syntax, siehe auch ",
    "Today": "Heute",
    "toggleHelp": "Umschalten für Hilfe Details.",
    "Tuesday": "Dienstag",
    "unknownString": "Unbekannte Eingabe",
    "unsavedStuff": "Es gibt ungesicherte Eingaben. Soll vor verlassen der Seite gespeichert werden?",
    "Wednesday": "Mittwoch",
    "weekday": "Wochentag",
    "weekdaySchedules": "Tagespläne der Wochentage",
    "weekScheduleHelp": "Für den Wochentag wird hier ein `Tagesplan` ausgewählt und mit [Setzen] in die Liste übergeben. Die Auswahl '--' entfernt einen vorher ausgewählten Tagesplan. {P} [Abbrechen] lässt die Liste unverändert."
  }
}
