{
    "Haustür": {
      "type": "touch",
      "ip": 58,
      "state": 0
    },
    "Wohnzimmer": {
      "type": "touch",
      "ip": 57,
      "channel": 2,
      "state": 0
    },
    "Esszimmer": {
      "type": "touch",
      "ip": 57,
      "channel": 1,
      "state": 0
    },
    "Wintergarten": {
      "type": "4ch",
      "ip": 53,
      "state": 0,
      "optional": [
        {
          "state": 0,
          "off": [
            {
              "cmnd": "/cm?cmnd=var1%200",
              "label": "dim"
            }
          ],
          "on": [
            {
              "Xcmnd": "/cm?cmnd=Backlog%20var1%201;power%20on",
              "cmnd": "/cm?cmnd=Backlog%20var1%201;power%20on",
              "label": "ON"
            }
          ]
        }
      ],
      "rules": {
        "off": "/cm?cmnd=Backlog%20Power2%20off;Power3%20off;power4%20off",
        "on": "/cm?cmnd=Backlog%20Power2%20on;Power3%20on;power4%20on"
      }
    },
    "WGMelder": {
      "type": "basic",
      "ip": 51,
      "state": 0
    },
    "Küche": {
      "type": "basic",
      "ip": 55,
      "state": 0
    },
    "FlurDecke": {
      "type": "touch",
      "ip": 54,
      "state": 0
    },
    "Bad": {
      "type": "basic",
      "ip": 52,
      "state": 0
    },
    "Pumpe": {
      "type": "basic",
      "ip": 50,
      "state": 0
    },
    "Test": {
      "type": "touch",
      "ip": 60,
      "channel": 1,
      "state": 0,
      "active":99
    },
    "Stecker1-AZ": {
      "type": "S20",
      "ip": 61,
      "state": 0,
      "info": "AZ"
    },
    "Stecker2-FlurRegal": {
      "type": "S20",
      "ip": 62,
      "state": 0,
      "info": "Flur/Regal"
    },
    "Stecker3": {
      "type": "S20",
      "ip": 63,
      "state": 0,
      "info": ""
    }

}
