{"status": "1", "locale": "DE", "latitude": "51.2558", "longitude": "6.9705", "sunset": "2020-10-08 18:54:04", "sunrise": "2020-10-08 07:45:01", "switchTime": 0, "iniFile": "data/aussen.ini", "weekSchedule": {}, "newsDate": "", "dayPlanActive": "true", "version": "0.8.3.2", "sonoffjson": "data/sonoff.json", "prefsjson": "data/piSchedule.prefs.json", "routerip": "192.168.178.1", "port": 5005, "piDocs": "https://neandr.github.io/piSchedule/", "news": "https://neandr.github.io/piSchedule/newsplus.txt", "server": "192.168.178.14", "servername": "fritz.box", "baseIP": "192.168.178.", "platform": "guenter-xfce -- Linux-5.4.0-48-generic-x86_64-with-glibc2.29", "logging": "trace", "ipfirst": 50, "iplast": 65}