{
    "Zimmer": {
      "type": "touch",
      "ip": 57,
      "channel": 2,
      "state": 0
    },
    "Garten": {
      "type": "4ch",
      "ip": 53,
      "state": 0,
      "optional": [
        {
          "state": 0,
          "off": [
            {
              "cmnd": "/cm?cmnd=var1%200",
              "label": "dim"
            }
          ],
          "on": [
            {
              "cmnd": "/cm?cmnd=Backlog%20var1%201;power%20on",
              "label": "ON"
            }
          ]
        }
      ],
      "rules": {
        "off": "/cm?cmnd=Backlog%20Power2%20off;Power3%20off;power4%20off",
        "on": "/cm?cmnd=Backlog%20Power2%20on;Power3%20on;power4%20on"
      }
    },
    "FlurDecke": {
      "type": "touch",
      "ip": 54,
      "state": 0
    },
    "Bad": {
      "type": "basic",
      "ip": 52,
      "state": 0
    },
    "Test": {
      "type": "touch",
      "ip": 60,
      "channel": 1,
      "state": 0,
      "active":99
    },

    "Stecker3": {
      "type": "S20",
      "ip": 63,
      "state": 0,
      "info": ""
    }
}
