{"piScheduleHome": "/home/pi/piSchedule76", "pilightVersion": "7.0", "locale": "DE", "pilightPort": 5001, "switchTime": 0, "news": "https://neandr.github.io/piSchedule/news751.txt", "port": 5005, "sunrise": "2017-01-29 08:13:33", "iniFile": "data/piSchedule.ini", "platform": "raspberrypi -- Linux-3.18.11-v7+-armv7l-with-debian-7.8", "version": "0.7.6", "location": "Mettmann", "latitude": "51.2558", "piDocs": "https://neandr.github.io/piSchedule/", "pilightExpected": "7.0", "status": 0, "newsDate": "2017-01-05", "geo": "ip", "timelineStart": "12:00", "longitude": "6.9705", "server": "192.168.178.83", "sunset": "2017-01-29 17:17:01", "weekSchedule": {}, "piDBox": "https://neandr.github.io/piSchedule/", "ssdp": "OK"}