{
  "1": "Sonoff Basic",
  "2": "Sonoff RF",
  "3": "Sonoff SV",
  "4": "Sonoff TH",
  "5": "Sonoff Dual",
  "6": "Sonoff Pow",
  "7": "Sonoff 4CH",
  "8": "Sonoff S2X",
  "9": "Slampher",
  "10": "Sonoff Touch",
  "11": "Sonoff LED",
  "12": "1 Channel",
  "13": "4 Channel",
  "14": "Motor C/AC",
  "15": "ElectroDragon",
  "16": "EXS Relay(s)",
  "17": "WiOn",
  "18": "Generic",
  "19": "Sonoff Dev",
  "20": "H801",
  "21": "Sonoff SC",
  "22": "Sonoff BN-SZ",
  "23": "Sonoff 4CH Pro",
  "24": "Huafan SS",
  "25": "Sonoff Bridge",
  "26": "Sonoff B1",
  "27": "AiLight",
  "28": "Sonoff T1 1CH",
  "29": "Sonoff T1 2CH",
  "30": "Sonoff T1 3CH",
  "31": "Supla Espablo",
  "32": "Witty Cloud",
  "33": "Yunshan Relay",
  "34": "MagicHome",
  "35": "Luani HVIO",
  "36": "KMC 70011",
  "37": "Arilux LC01",
  "38": "Arilux LC11",
  "39": "Sonoff Dual R2",
  "40": "Arilux LC06",
  "41": "Sonoff S31",
  "42": "Zengge WF017",
  "43": "Sonoff Pow R2",
  "44": "Sonoff iFan02",
  "45": "BlitzWolf SHP2",
  "46": "Shelly 1",
  "47": "Shelly 2",
  "48": "Xiaomi Philips",
  "49": "Neo Coolcam",
  "50": "ESP Switch",
  "51": "OBI Socket",
  "52": "Teckin",
  "53": "AplicWDP303075",
  "54": "Tuya Dimmer"
}
